DROP DATABASE IF EXISTS homework_4;
CREATE DATABASE IF NOT EXISTS seminar_4_homework;
USE seminar_4_homework;
CREATE TABLE IF NOT EXISTS  auto (       
	REGNUM VARCHAR(10) PRIMARY KEY, 
	MARK VARCHAR(10), 
	COLOR VARCHAR(15),
	RELEASEDT DATE, 
	PHONENUM VARCHAR(15)
);

CREATE TABLE if NOT EXISTS  city (	
    CITYCODE INT PRIMARY KEY,
	CITYNAME VARCHAR(50), 
	PEOPLES INT 
);

CREATE TABLE IF NOT EXISTS man (	
	PHONENUM VARCHAR(15) PRIMARY KEY , 
	FIRSTNAME VARCHAR(50),
	LASTNAME VARCHAR(50),  
	CITYCODE INT, 
	YEAROLD INT	 
);
 -- AUTO
INSERT INTO auto (REGNUM, MARK,	COLOR, RELEASEDT, PHONENUM )
VALUES(111114,'LADA', 'КРАСНЫЙ', date'2008-01-01', '9152222221');
INSERT INTO auto (REGNUM, MARK,	COLOR, RELEASEDT, PHONENUM )
VALUES(111115,'VOLVO', 'КРАСНЫЙ', date'2013-01-01', '9173333334');
INSERT INTO auto (REGNUM, MARK,	COLOR, RELEASEDT, PHONENUM )
VALUES(111116,'BMW', 'СИНИЙ', date'2015-01-01', '9173333334');
INSERT INTO auto (REGNUM, MARK,	COLOR, RELEASEDT, PHONENUM )
VALUES(111121,'AUDI', 'СИНИЙ', date'2009-01-01', '9173333332');
INSERT INTO auto (REGNUM, MARK,	COLOR, RELEASEDT, PHONENUM )
VALUES(111122,'AUDI', 'СИНИЙ', date'2011-01-01', '9213333336');
INSERT INTO auto (REGNUM, MARK,	COLOR, RELEASEDT, PHONENUM )
VALUES(111113,'BMW', 'ЗЕЛЕНЫЙ', date'2007-01-01', '9214444444');
INSERT INTO auto (REGNUM, MARK,	COLOR, RELEASEDT, PHONENUM )
VALUES(111126,'LADA', 'ЗЕЛЕНЫЙ', date'2005-01-01', null);
INSERT INTO auto (REGNUM, MARK,	COLOR, RELEASEDT, PHONENUM )
VALUES(111117,'BMW', 'СИНИЙ', date'2005-01-01', null);
INSERT INTO auto (REGNUM, MARK,	COLOR, RELEASEDT, PHONENUM )
VALUES(111119,'LADA', 'СИНИЙ', date'2017-01-01', 9213333331);
 -- CITY
INSERT INTO CITY (CITYCODE,CITYNAME,PEOPLES)
VALUES(1,'Москва', 10000000);
INSERT INTO CITY (CITYCODE,CITYNAME,PEOPLES)
VALUES(2,'Владимир', 500000);
INSERT INTO CITY (CITYCODE,CITYNAME,PEOPLES)
VALUES(3, 'Орел', 300000);
INSERT INTO CITY (CITYCODE,CITYNAME,PEOPLES)
VALUES(4,'Курск', 200000);
INSERT INTO CITY (CITYCODE,CITYNAME,PEOPLES)
VALUES(5, 'Казань', 2000000);
INSERT INTO CITY (CITYCODE,CITYNAME,PEOPLES)
VALUES(7, 'Котлас', 110000);
INSERT INTO CITY (CITYCODE,CITYNAME,PEOPLES)
VALUES(8, 'Мурманск', 400000);
INSERT INTO CITY (CITYCODE,CITYNAME,PEOPLES)
VALUES(9, 'Ярославль', 500000);
-- MAN
INSERT INTO MAN (PHONENUM,FIRSTNAME,LASTNAME,CITYCODE,YEAROLD)
VALUES('9152222221','Андрей','Николаев', 1, 22);
INSERT INTO MAN (PHONENUM,FIRSTNAME,LASTNAME,CITYCODE,YEAROLD)
VALUES('9152222222','Максим','Москитов', 1, 31);
INSERT INTO MAN (PHONENUM,FIRSTNAME,LASTNAME,CITYCODE,YEAROLD)
VALUES('9153333333','Олег','Денисов', 3, 34);
INSERT INTO MAN (PHONENUM,FIRSTNAME,LASTNAME,CITYCODE,YEAROLD)
VALUES('9173333334','Алиса','Никина', 4, 31);
INSERT INTO MAN (PHONENUM,FIRSTNAME,LASTNAME,CITYCODE,YEAROLD)
VALUES('9173333335','Таня','Иванова', 4, 31);
INSERT INTO MAN (PHONENUM,FIRSTNAME,LASTNAME,CITYCODE,YEAROLD)
VALUES('9213333336','Алексей','Иванов', 7, 25);
INSERT INTO MAN (PHONENUM,FIRSTNAME,LASTNAME,CITYCODE,YEAROLD)
VALUES('9213333331','Андрей','Некрасов', 2, 27);
INSERT INTO MAN (PHONENUM,FIRSTNAME,LASTNAME,CITYCODE,YEAROLD)
VALUES('9213333332','Миша','Рогозин', 2, 21);
INSERT INTO MAN (PHONENUM,FIRSTNAME,LASTNAME,CITYCODE,YEAROLD)
VALUES('9214444444','Алексей','Галкин', 1, 38);
SELECT * FROM AUTO;

-- Задание № 1. Вывести на экран сколько машин каждого цвета для машин марок BMW и LADA --
SELECT MARK, color, COUNT(color) AS 'Amount' FROM AUTO
WHERE MARK = 'LADA'
GROUP BY color, mark 
UNION SELECT MARK, color, COUNT(color) AS 'Amount' FROM AUTO
WHERE MARK = 'BMW'
GROUP BY color, mark;

-- Задание № 2. Вывести на экран марку авто и количество AUTO не этой марки --
SELECT a.MARK, (SELECT COUNT(MARK) 
FROM AUTO b 
WHERE a.MARK <> b.MARK) AS Amount_other
FROM AUTO a
GROUP BY MARK;

-- Задание № 3. Даны 2 таблицы -- 
-- Напишите запрос, который вернет строки из таблицы test_a, id которых нет в таблице test_b, --
-- НЕ используя ключевого слова NOT. --

CREATE table IF NOT EXISTS test_a (
id INT,
data VARCHAR (1));

CREATE table IF NOT EXISTS test_b (
id INT);

insert into test_a (id, data) values
(10, 'A'),
(20, 'A'),
(30, 'F'),
(40, 'D'),
(50, 'C');
insert into test_b(id) values
(10),
(30),
(50);

SELECT * FROM test_a
WHERE id NOT IN (SELECT id FROM test_b);